,data,subsistema,id_empreendimento_aneel,id_reservatorio_planejamento,id_posto_vazao,reservatorio_equivalente,reservatorio,tipo_reservatorio,usina,bacia,rio,cota_maxima,cota_minima,volume_maximo,volume_minimo,volume_util,produtividade_especifica,produtividade_65_volume_util,tipo_perda,perda_carga,latitude,longitude,sistema,codigo,estado_sigla
0,2007-02-03,SUL,UHE.PH.SC.027401-1.01,9,216,SUL,CAMPOS NOVOS,RESERVATORIO COM USINA,CAMPOS NOVOS,URUGUAI,CANOAS,660.0,655.0,1477.0,1320.0,129.62,0.009083,1.6063,m,2.48,-27.60305556,-51.32361111,sin,19068,SC
1,2005-11-01,SUL,UHE.PH.RS.027556-5.01,86,215,SUL,BARRA GRANDE,RESERVATORIO COM USINA,BARRA GRANDE,URUGUAI,PELOTAS,647.0,617.0,4904.45,2711.79,2192.66,0.009218,1.4153,m,2.79,-27.77722222,-51.18861111,sin,19067,SC
2,2005-11-01,SUL,UHE.PH.RS.027556-5.01,86,215,SUL,BARRA GRANDE,RESERVATORIO COM USINA,BARRA GRANDE,URUGUAI,PELOTAS,647.0,617.0,4904.45,2711.79,2192.66,0.009218,1.4153,m,2.79,-27.77722222,-51.18861111,sin,19067,RS
3,2013-09-24,SUL,UHE.PH.SC.030415-8.01,89,89,SUL,GARIBALDI,RESERVATORIO COM USINA,GARIBALDI,URUGUAI,CANOAS,705.0,702.5,296.0,232.0,64.23,0.008626,0.3691,m,1.19,-27.62472222,-50.98388889,sin,19147,SC
4,2002-02-16,SUL,UHE.PH.SC.001356-0.01,91,217,SUL,MACHADINHO,RESERVATORIO COM USINA,MACHADINHO,URUGUAI,URUGUAI,480.0,465.0,3340.0,2283.0,1055.81,0.009034,0.8779,m,1.48,-27.52444444,-51.78888889,sin,19069,SC
5,2002-02-16,SUL,UHE.PH.SC.001356-0.01,91,217,SUL,MACHADINHO,RESERVATORIO COM USINA,MACHADINHO,URUGUAI,URUGUAI,480.0,465.0,3340.0,2283.0,1055.81,0.009034,0.8779,m,1.48,-27.52444444,-51.78888889,sin,19069,RS
6,1973-03-21,SUL,UHE.PH.RS.002001-0.01,93,93,SUL,PASSO FUNDO,RESERVATORIO COM USINA,PASSO FUNDO,URUGUAI,PASSO FUNDO,598.0,584.0,1589.0,185.0,1404.61,0.008805,2.2252,m,6.07,-27.55388889,-52.74083333,sin,19071,RS
7,2009-09-01,SUL,UHE.PH.RS.028562-5.01,94,22,SUL,MONJOLINHO,FIO DAGUA,MONJOLINHO (ANTIGA ALZIR DOS SANTOS ANTUNES),URUGUAI,PASSO FUNDO,328.5,326.5,150.48,150.48,10.98,0.008795,0.54,m,1.67,-27.34416667,-52.73111111,sin,19072,RS
8,2003-12-23,SUL,UHE.PH.SC.002167-9.01,95,286,SUL,QUEBRA QUEIXO,RESERVATORIO COM USINA,QUEBRA QUEIXO,URUGUAI,CHAPECO,549.0,544.0,137.0,111.0,25.51,0.008718,1.035,m,2.16,-26.66777778,-52.55472222,sin,19074,SC
9,2008-03-04,SUL,UHE.PH.RS.000718-8.01,97,98,SUL,CASTRO ALVES,FIO DAGUA,CASTRO ALVES,JACUI,TAQUARI-ANTAS,240.0,239.0,92.0,87.0,4.6,0.008954,0.7676,m,6.62,-29.00444444,-51.38416667,sin,19081,RS
10,2004-12-29,SUL,UHE.PH.RS.027968-4.01,98,97,SUL,MONTE CLARO,FIO DAGUA,MONTE CLARO,JACUI,TAQUARI-ANTAS,148.0,147.0,11.28,10.1,1.45,0.008916,0.3541,m,1.39,-29.02361111,-51.53222222,sin,19082,RS
11,2008-12-25,SUL,UHE.PH.RS.000012-4.01,99,284,SUL,14 DE JULHO,FIO DAGUA,14 DE JULHO,JACUI,TAQUARI-ANTAS,104.0,103.0,55.18,50.47,4.71,0.008927,0.3016,m,0.74,-29.06944444,-51.67527778,sin,19083,RS
12,2011-03-29,SUL,UHE.PH.RS.029459-4.01,101,102,SUL,SAO JOSE,FIO DAGUA,SAO JOSE,URUGUAI,IJUI,154.67,153.67,188.11,165.53,22.58,0.008909,0.1878,m,0.25,-28.17694444,-54.81333333,sin,19075,RS
13,2012-03-24,SUL,UHE.PH.RS.029456-0.01,102,103,SUL,PASSO SAO JOAO,FIO DAGUA,PASSO SAO JOAO,URUGUAI,IJUI,128.35,127.35,102.4,83.905,18.495,0.008935,0.2545,m,0.37,-28.14083333,-55.05194444,sin,19149,RS
14,2010-10-14,SUL,UHE.PH.RS.028354-1.01,103,94,SUL,FOZ CHAPECO,FIO DAGUA,FOZ DO CHAPECO,URUGUAI,URUGUAI,265.0,264.0,1513.0,1512.0,78.81,0.00887,0.4506,m,1.39,-27.13972222,-53.0475,sin,19073,SC
15,2010-10-14,SUL,UHE.PH.RS.028354-1.01,103,94,SUL,FOZ CHAPECO,FIO DAGUA,FOZ DO CHAPECO,URUGUAI,URUGUAI,265.0,264.0,1513.0,1512.0,78.81,0.00887,0.4506,m,1.39,-27.13972222,-53.0475,sin,19073,RS
16,1973-01-01,SUL,UHE.PH.RS.002003-6.01,111,111,SUL,PASSO REAL,RESERVATORIO COM USINA,PASSO REAL,JACUI,JACUI,327.0,300.0,3646.0,289.0,3356.8,0.009048,0.3682,m,0.7,-29.01527778,-53.18722222,sin,19077,RS
17,1962-03-01,SUL,UHE.PH.RS.001217-3.01,112,112,SUL,JACUI,FIO DAGUA,JACUI,JACUI,JACUI,279.89,270.37,29.0,29.0,24.39,0.008731,0.7951,m,2.55,-29.07916667,-53.225,sin,19078,RS
18,1978-02-01,SUL,UHE.PH.RS.027019-9.01,113,113,SUL,ITAUBA,FIO DAGUA,ITAUBA,JACUI,JACUI,184.0,171.0,620.0,620.0,158.2,0.00908,0.7554,m,3.3,-29.25888889,-53.23611111,sin,19079,RS
19,2001-02-05,SUL,UHE.PH.RS.027012-1.01,114,114,SUL,D. FRANCISCA,FIO DAGUA,DONA FRANCISCA,JACUI,JACUI,94.49,91.0,330.0,330.0,62.56,0.008765,0.3356,m,0.36,-29.44944444,-53.28333333,sin,19080,RS
20,1970-10-25,SUL,UHE.PH.PR.001042-1.01,115,115,SUL,G. P. SOUZA,RESERVATORIO COM USINA,GOVERNADOR PEDRO VIRIATO PARIGOT DE SOUZA,CAPIVARI,CAPIVARI,845.0,822.0,179.0,23.0,156.0,0.008756,6.3542,m,23.78,-25.13944444,-48.87388889,sin,19084,PR
21,2009-12-11,SUL,UHE.PH.SC.028564-1.01,215,101,SUL,SALTO PILAO,FIO DAGUA,SALTO PILAO,ITAJAI,ITAJAI,319.0,318.0,0.02,0.01,0.01,0.008916,1.7641,m,7.77,-27.13611111,-49.52027778,sin,19085,SC
22,2011-04-29,NORTE,UHE.PH.MA.028863-2.01,267,271,NORTE,ESTREITO,FIO DAGUA,ESTREITO,TOCANTINS,TOCANTINS,156.0,151.0,5298.54,2907.66,2390.87,0.009079,0.211,m,0.33,-6.588611111,-47.46388889,nordeste_semiarido,12175,PI
23,2011-04-29,NORTE,UHE.PH.MA.028863-2.01,267,271,NORTE,ESTREITO,FIO DAGUA,ESTREITO,TOCANTINS,TOCANTINS,156.0,151.0,5298.54,2907.66,2390.87,0.009079,0.211,m,0.33,-6.588611111,-47.46388889,nordeste_semiarido,12176,BA
24,2011-04-29,NORTE,UHE.PH.MA.028863-2.01,267,271,NORTE,ESTREITO,FIO DAGUA,ESTREITO,TOCANTINS,TOCANTINS,156.0,151.0,5298.54,2907.66,2390.87,0.009079,0.211,m,0.33,-6.588611111,-47.46388889,sin,19133,MA
25,1984-04-30,NORTE,UHE.PH.PA.002889-4.01,275,275,NORTE,TUCURUI,RESERVATORIO COM USINA,TUCURUI,TOCANTINS,TOCANTINS,74.0,51.6,50275.0,11293.0,38982.4,0.00906,0.5496,m,0.9,-3.834166667,-49.64527778,sin,19134,PA
26,2012-11-23,SUL,UHE.PH.PR.029598-1.01,57,57,IGUACU,MAUA,RESERVATORIO COM USINA,GOVERNADOR JAYME CANET JUNIOR (ANTIGA MAUA),PARANAPANEMA,TIBAGI,635.0,626.0,2137.0,1473.0,667.0,0.009029,1.0494,m,2.91,-24.0625,-50.70805556,sin,19142,PR
27,2005-07-31,SUL,UHE.PH.PR.028361-4.01,71,71,IGUACU,SANTA CLARA-PR,RESERVATORIO COM USINA,SANTA CLARA,IGUACU,JORDAO,805.0,787.5,431.0,169.0,262.07,0.008985,0.8126,m,2.39,-25.64611111,-51.95611111,sin,19061,PR
28,1980-10-01,SUL,UHE.PH.PR.000984-9.01,74,74,IGUACU,G. B. MUNHOZ,RESERVATORIO COM USINA,GOVERNADOR BENTO MUNHOZ DA ROCHA NETTO,IGUACU,IGUACU,742.0,700.0,5779.0,1974.0,3804.69,0.008952,1.0938,m,2.31,-26.00944444,-51.66472222,sin,19059,PR
29,1992-09-26,SUL,UHE.PH.PR.002715-4.01,76,76,IGUACU,SEGREDO,RESERVATORIO COM USINA,GOVERNADOR NEY AMINTHAS DE BARROS BRAGA (SEGREDO),IGUACU,IGUACU,607.0,602.0,2950.0,2562.0,383.68,0.008865,0.904,m,1.65,-25.79222222,-52.11638889,sin,19060,PR
30,1980-12-31,SUL,UHE.PH.PR.002672-7.01,77,77,IGUACU,SALTO SANTIAGO,RESERVATORIO COM USINA,SALTO SANTIAGO,IGUACU,IGUACU,506.0,481.0,6775.0,2662.0,4112.92,0.009047,0.8921,m,1.92,-25.62777778,-52.60805556,sin,19064,PR
31,1975-10-17,SUL,UHE.PH.PR.002659-0.01,78,78,IGUACU,SALTO OSORIO,FIO DAGUA,SALTO OSORIO,IGUACU,IGUACU,397.0,389.0,1124.0,1124.0,402.67,0.008488,0.5747,m,1.59,-25.53694444,-53.00777778,sin,19065,PR
32,1999-02-18,SUL,UHE.PH.PR.002591-7.01,82,222,IGUACU,SALTO CAXIAS,FIO DAGUA,GOVERNADOR JOSE RICHA (SALTO CAXIAS),IGUACU,IGUACU,325.0,323.0,3573.0,3573.0,272.76,0.008667,0.5596,m,0.8,-25.54083333,-53.49444444,sin,19066,PR
33,1984-02-01,SUDESTE/CENTRO-OESTE,UHE.PH.PR.001161-4.01,66,266,ITAIPU,ITAIPU,FIO DAGUA,ITAIPU 50 HZ,PARANA,PARANA,220.3,219.0,29403.91,27695.19,19000.0,0.009037,1.0244,m,1.33,-25.40472222,-54.58833333,sin,19058,PR
34,1987-01-01,SUDESTE/CENTRO-OESTE,UHE.PH.PR.001161-4.01,66,266,ITAIPU,ITAIPU,FIO DAGUA,ITAIPU (PARTE BRASILEIRA),PARANA,PARANA,220.3,219.0,29403.91,27695.19,19000.0,0.009037,1.0244,m,1.33,-25.40472222,-54.58833333,sin,19058,PR
35,1960-03-01,SUDESTE/CENTRO-OESTE,UHE.PH.MG.000608-4.01,1,1,PARANA,CAMARGOS,RESERVATORIO COM USINA,CAMARGOS,GRANDE,GRANDE,913.0,899.0,792.0,120.0,672.0,0.008767,0.2076,m,0.1,-21.32555556,-44.61666667,sin,19001,MG
36,1999-01-01,SUDESTE/CENTRO-OESTE,UHE.PH.SP.001098-7.01,1,1,PARANA,IGARAPAVA,FIO DAGUA,IGARAPAVA,GRANDE,GRANDE,512.2,511.8,480.0,480.0,14.61,0.008996,0.1523,m,0.17,-19.99027778,-47.75416667,sin,19008,MG
37,1999-01-01,SUDESTE/CENTRO-OESTE,UHE.PH.SP.001098-7.01,1,1,PARANA,IGARAPAVA,FIO DAGUA,IGARAPAVA,GRANDE,GRANDE,512.2,511.8,480.0,480.0,14.61,0.008996,0.1523,m,0.17,-19.99027778,-47.75416667,sin,19008,SP
38,2014-05-17,SUDESTE/CENTRO-OESTE,UHE.PH.MG.029454-3.01,2,22,PARANA,BATALHA,RESERVATORIO COM USINA,BATALHA (ANTIGA PAULISTA),PARANAIBA,SAO MARCOS,800.0,785.0,1781.61,430.05,1351.53,0.009025,0.3551,m,1.2,-17.34555556,-47.48944444,sin,19143,GO
39,2014-05-17,SUDESTE/CENTRO-OESTE,UHE.PH.MG.029454-3.01,2,22,PARANA,BATALHA,RESERVATORIO COM USINA,BATALHA (ANTIGA PAULISTA),PARANAIBA,SAO MARCOS,800.0,785.0,1781.61,430.05,1351.53,0.009025,0.3551,m,1.2,-17.34555556,-47.48944444,sin,19143,MG
40,1955-02-01,SUDESTE/CENTRO-OESTE,UHE.PH.MG.001197-5.01,2,2,PARANA,ITUTINGA,FIO DAGUA,ITUTINGA,GRANDE,GRANDE,886.0,880.0,11.0,11.0,7.04,0.008649,0.2437,m,0.63,-21.29277778,-44.62277778,sin,19002,MG
41,1997-04-30,SUDESTE/CENTRO-OESTE,UHE.PH.GO.000866-4.01,3,209,PARANA,CORUMBA,RESERVATORIO COM USINA,CORUMBA I,PARANAIBA,CORUMBA,595.0,570.0,1500.0,470.0,1024.9,0.008845,0.6294,m,0.69,-17.98694444,-48.53111111,sin,19024,GO
42,2003-01-23,SUDESTE/CENTRO-OESTE,UHE.PH.MG.001006-5.01,4,211,PARANA,FUNIL-MG,FIO DAGUA,FUNIL,GRANDE,GRANDE,808.0,807.8,304.0,304.0,6.81,0.00901,0.3549,m,0.39,-21.1425,-45.03472222,sin,19003,MG
43,1963-03-01,SUDESTE/CENTRO-OESTE,UHE.PH.MG.001007-3.01,6,6,PARANA,FURNAS,RESERVATORIO COM USINA,FURNAS,GRANDE,GRANDE,768.0,750.0,22950.0,5733.0,17217.0,0.008996,0.813,m,0.8,-20.66944444,-46.31388889,sin,19004,MG
44,1956-04-01,SUDESTE/CENTRO-OESTE,UHE.PH.MG.002038-9.01,7,7,PARANA,M. MORAES,RESERVATORIO COM USINA,MARECHAL MASCARENHAS DE MORAES (ANTIGA PEIXOTO),GRANDE,GRANDE,666.12,653.12,4040.0,1540.0,2500.0,0.008657,0.3471,m,1.14,-20.285,-47.0625,sin,19005,MG
45,1969-01-01,SUDESTE/CENTRO-OESTE,UHE.PH.SP.000917-2.01,8,8,PARANA,L. C. BARRETO,FIO DAGUA,ESTREITO (LUIZ CARLOS BARRETO DE CARVALHO),GRANDE,GRANDE,622.5,618.5,1423.0,1423.0,178.2,0.00889,0.5437,m,0.9,-20.15361111,-47.27777778,sin,19006,SP
46,1969-01-01,SUDESTE/CENTRO-OESTE,UHE.PH.SP.000917-2.01,8,8,PARANA,L. C. BARRETO,FIO DAGUA,ESTREITO (LUIZ CARLOS BARRETO DE CARVALHO),GRANDE,GRANDE,622.5,618.5,1423.0,1423.0,178.2,0.00889,0.5437,m,0.9,-20.15361111,-47.27777778,sin,19006,MG
47,1971-01-01,SUDESTE/CENTRO-OESTE,UHE.PH.SP.001225-4.01,9,9,PARANA,JAGUARA,FIO DAGUA,JAGUARA,GRANDE,GRANDE,558.5,555.5,450.0,450.0,90.0,0.008944,0.3944,m,0.5,-20.025,-47.43555556,sin,19007,SP
48,1971-01-01,SUDESTE/CENTRO-OESTE,UHE.PH.SP.001225-4.01,9,9,PARANA,JAGUARA,FIO DAGUA,JAGUARA,GRANDE,GRANDE,558.5,555.5,450.0,450.0,90.0,0.008944,0.3944,m,0.5,-20.025,-47.43555556,sin,19007,MG
49,1985-01-01,SUDESTE/CENTRO-OESTE,UHE.PH.SP.003045-7.01,11,11,PARANA,VOLTA GRANDE,FIO DAGUA,VOLTA GRANDE,GRANDE,GRANDE,494.87,493.47,2244.0,2244.0,268.0,0.008996,0.2482,m,0.17,-20.03277778,-48.21722222,sin,19009,MG
50,1985-01-01,SUDESTE/CENTRO-OESTE,UHE.PH.SP.003045-7.01,11,11,PARANA,VOLTA GRANDE,FIO DAGUA,VOLTA GRANDE,GRANDE,GRANDE,494.87,493.47,2244.0,2244.0,268.0,0.008996,0.2482,m,0.17,-20.03277778,-48.21722222,sin,19009,SP
51,1973-03-01,SUDESTE/CENTRO-OESTE,UHE.PH.MG.002117-2.01,12,12,PARANA,P. COLOMBIA,FIO DAGUA,PORTO COLOMBIA,GRANDE,GRANDE,467.2,465.5,1524.0,1524.0,233.5,0.009071,0.2012,m,0.23,-20.12694444,-48.56583333,sin,19010,MG
52,1973-03-01,SUDESTE/CENTRO-OESTE,UHE.PH.MG.002117-2.01,12,12,PARANA,P. COLOMBIA,FIO DAGUA,PORTO COLOMBIA,GRANDE,GRANDE,467.2,465.5,1524.0,1524.0,233.5,0.009071,0.2012,m,0.23,-20.12694444,-48.56583333,sin,19010,SP
53,1952-04-01,SUDESTE/CENTRO-OESTE,UHE.PH.SP.000588-6.01,14,14,PARANA,CACONDE,RESERVATORIO COM USINA,CACONDE,GRANDE,PARDO,855.0,825.0,555.0,51.0,504.09,0.008558,0.8259,m,0.87,-21.57777778,-46.62333333,sin,19011,SP
54,1980-01-01,SUDESTE/CENTRO-OESTE,UHE.PH.SP.000923-7.01,15,15,PARANA,E. DA CUNHA,FIO DAGUA,EUCLIDES DA CUNHA,GRANDE,PARDO,665.0,659.5,14.0,14.0,4.69,0.008602,0.7502,m,0.73,-21.60277778,-46.94777778,sin,19012,SP
55,1980-01-01,SUDESTE/CENTRO-OESTE,UHE.PH.SP.001328-5.01,16,16,PARANA,LIMOEIRO,FIO DAGUA,LIMOEIRO (ARMANDO SALLES DE OLIVEIRA),GRANDE,PARDO,573.0,563.0,25.0,25.0,16.36,0.008599,0.2209,m,0.19,-21.62472222,-47.01055556,sin,19013,SP
56,1975-04-01,SUDESTE/CENTRO-OESTE,UHE.PH.MG.001417-6.01,17,17,PARANA,MARIMBONDO,RESERVATORIO COM USINA,MARIMBONDO,GRANDE,GRANDE,446.3,426.0,6150.0,890.0,5260.0,0.00907,0.5183,m,0.82,-20.30388889,-49.19277778,sin,19014,MG
57,1975-04-01,SUDESTE/CENTRO-OESTE,UHE.PH.MG.001417-6.01,17,17,PARANA,MARIMBONDO,RESERVATORIO COM USINA,MARIMBONDO,GRANDE,GRANDE,446.3,426.0,6150.0,890.0,5260.0,0.00907,0.5183,m,0.82,-20.30388889,-49.19277778,sin,19014,SP
58,1978-03-01,SUDESTE/CENTRO-OESTE,UHE.PH.MG.000041-8.01,18,18,PARANA,A. VERMELHA,RESERVATORIO COM USINA,AGUA VERMELHA (ANTIGA JOSE ERMIRIO DE MORAES),GRANDE,GRANDE,383.3,373.3,11025.0,5856.0,5169.22,0.008825,0.4625,m,0.75,-19.86805556,-50.34277778,sin,19015,MG
59,1978-03-01,SUDESTE/CENTRO-OESTE,UHE.PH.MG.000041-8.01,18,18,PARANA,A. VERMELHA,RESERVATORIO COM USINA,AGUA VERMELHA (ANTIGA JOSE ERMIRIO DE MORAES),GRANDE,GRANDE,383.3,373.3,11025.0,5856.0,5169.22,0.008825,0.4625,m,0.75,-19.86805556,-50.34277778,sin,19015,SP
60,1994-12-07,SUDESTE/CENTRO-OESTE,UHE.PH.MG.001574-1.01,25,25,PARANA,NOVA PONTE,RESERVATORIO COM USINA,NOVA PONTE,PARANAIBA,PARANAIBA,815.0,775.5,12792.0,2412.0,10380.0,0.008978,0.9669,m,1.68,-19.13111111,-47.69361111,sin,19018,MG
61,1998-05-29,SUDESTE/CENTRO-OESTE,UHE.PH.MG.001469-9.01,26,206,PARANA,MIRANDA,RESERVATORIO COM USINA,MIRANDA,PARANAIBA,ARAGUARI-MG,696.0,693.0,1120.0,974.0,145.6,0.008834,0.6195,m,0.72,-18.91166667,-48.03916667,sin,19019,MG
62,2006-02-21,SUDESTE/CENTRO-OESTE,UHE.PH.MG.027483-6.01,27,207,PARANA,C.BRANCO-1,RESERVATORIO COM USINA,AMADOR AGUIAR I (ANTIGA CAPIM BRANCO I),PARANAIBA,ARAGUARI-MG,624.0,623.3,241.13,228.27,12.86,0.008995,0.5114,m,1.84,-18.78833333,-48.14611111,sin,19020,MG
63,2007-03-09,SUDESTE/CENTRO-OESTE,UHE.PH.MG.027484-4.01,28,28,PARANA,C.BRANCO-2,FIO DAGUA,AMADOR AGUIAR II (ANTIGA CAPIM BRANCO II),PARANAIBA,ARAGUARI-MG,565.0,564.7,879.0,878.0,13.2,0.009077,0.4169,m,0.52,-18.65888889,-48.43583333,sin,19021,MG
64,2006-04-01,SUDESTE/CENTRO-OESTE,UHE.PH.GO.027795-9.01,29,205,PARANA,CORUMBA-4,RESERVATORIO COM USINA,CORUMBA IV,PARANAIBA,CORUMBA,842.6,837.0,3708.0,2936.6,916.89,0.008746,0.5836,m,1.59,-16.32277778,-48.1875,sin,19022,GO
65,2006-09-07,SUDESTE/CENTRO-OESTE,UHE.PH.GO.000908-3.01,29,99,PARANA,ESPORA,RESERVATORIO COM USINA,ESPORA,PARANAIBA,CORRENTE,583.5,576.5,209.0,71.0,137.85,0.008731,0.4021,m,5.2,-18.67805556,-51.86888889,sin,19033,GO
66,1980-02-01,SUDESTE/CENTRO-OESTE,UHE.PH.MG.001194-0.01,31,31,PARANA,ITUMBIARA,RESERVATORIO COM USINA,ITUMBIARA,PARANAIBA,PARANAIBA,520.0,495.0,17027.0,4573.0,12454.0,0.008958,0.7027,m,0.75,-18.40944444,-49.09694444,sin,19025,GO
67,1980-02-01,SUDESTE/CENTRO-OESTE,UHE.PH.MG.001194-0.01,31,31,PARANA,ITUMBIARA,RESERVATORIO COM USINA,ITUMBIARA,PARANAIBA,PARANAIBA,520.0,495.0,17027.0,4573.0,12454.0,0.008958,0.7027,m,0.75,-18.40944444,-49.09694444,sin,19025,MG
68,1959-01-31,SUDESTE/CENTRO-OESTE,UHE.PH.GO.000528-2.01,32,32,PARANA,C. DOURADA,FIO DAGUA,CACHOEIRA DOURADA,PARANAIBA,PARANAIBA,431.55,428.0,460.0,460.0,221.87,0.008568,0.2702,m,0.59,-18.50361111,-49.4925,sin,19026,GO
69,1959-01-31,SUDESTE/CENTRO-OESTE,UHE.PH.GO.000528-2.01,32,32,PARANA,C. DOURADA,FIO DAGUA,CACHOEIRA DOURADA,PARANAIBA,PARANAIBA,431.55,428.0,460.0,460.0,221.87,0.008568,0.2702,m,0.59,-18.50361111,-49.4925,sin,19026,MG
70,1973-03-01,SUDESTE/CENTRO-OESTE,UHE.PH.SP.001120-7.01,34,34,PARANA,I. SOLTEIRA,RESERVATORIO COM USINA,ILHA SOLTEIRA,PARANA,PARANA,328.0,323.0,21060.0,15543.8,5515.5,0.00865,0.3869,m,0.54,-20.37972222,-51.35805556,sin,19034,SP
71,1973-03-01,SUDESTE/CENTRO-OESTE,UHE.PH.SP.001120-7.01,34,34,PARANA,I. SOLTEIRA,RESERVATORIO COM USINA,ILHA SOLTEIRA,PARANA,PARANA,328.0,323.0,21060.0,15543.8,5515.5,0.00865,0.3869,m,0.54,-20.37972222,-51.35805556,sin,19034,MS
72,1963-02-01,SUDESTE/CENTRO-OESTE,UHE.PH.SP.000208-9.01,37,237,PARANA,B. BONITA,RESERVATORIO COM USINA,BARRA BONITA,TIETE,TIETE,451.5,439.5,3135.0,569.0,2566.86,0.008845,0.1776,m,0.41,-22.51944444,-48.53416667,sin,19040,SP
73,1967-01-01,SUDESTE/CENTRO-OESTE,UHE.PH.SP.000203-8.01,38,238,PARANA,BARIRI,FIO DAGUA,BARIRI (ALVARO DE SOUZA LIMA),TIETE,TIETE,427.5,426.5,544.0,544.0,59.93,0.008333,0.1848,m,0.43,-22.15388889,-48.75388889,sin,19041,SP
74,1969-02-01,SUDESTE/CENTRO-OESTE,UHE.PH.SP.001097-9.01,39,239,PARANA,IBITINGA,FIO DAGUA,IBITINGA,TIETE,TIETE,404.0,403.5,985.0,985.0,55.77,0.008438,0.1737,m,0.41,-21.75775,-48.99183333,sin,19042,SP
75,1982-04-01,SUDESTE/CENTRO-OESTE,UHE.PH.SP.001552-0.01,42,242,PARANA,N. AVANHANDAVA,FIO DAGUA,NOVA AVANHANDAVA (RUI BARBOSA),TIETE,TIETE,357.99,356.0,2720.0,2720.0,378.0,0.009087,0.2784,m,0.43,-21.11694444,-50.20175,sin,19044,SP
76,1969-02-01,SUDESTE/CENTRO-OESTE,UHE.PH.SP.001282-3.01,45,245,PARANA,JUPIA,FIO DAGUA,JUPIA (ENG째 SOUZA DIAS),PARANA,PARANA,280.0,277.0,3354.0,3354.0,903.75,0.008751,0.18,m,0.63,-20.77694444,-51.63305556,sin,19046,MS
77,1969-02-01,SUDESTE/CENTRO-OESTE,UHE.PH.SP.001282-3.01,45,245,PARANA,JUPIA,FIO DAGUA,JUPIA (ENG째 SOUZA DIAS),PARANA,PARANA,280.0,277.0,3354.0,3354.0,903.75,0.008751,0.18,m,0.63,-20.77694444,-51.63305556,sin,19046,SP
78,1999-01-23,SUDESTE/CENTRO-OESTE,UHE.PH.SP.002127-0.01,46,246,PARANA,PORTO PRIMAVERA,FIO DAGUA,PORTO PRIMAVERA (ENG째 SERGIO MOTTA),PARANA,PARANA,259.0,257.0,20001.0,15707.0,4294.0,0.008928,0.1754,m,0.43,-22.47472222,-52.95222222,sin,19047,MS
79,1999-01-23,SUDESTE/CENTRO-OESTE,UHE.PH.SP.002127-0.01,46,246,PARANA,PORTO PRIMAVERA,FIO DAGUA,PORTO PRIMAVERA (ENG째 SERGIO MOTTA),PARANA,PARANA,259.0,257.0,20001.0,15707.0,4294.0,0.008928,0.1754,m,0.43,-22.47472222,-52.95222222,sin,19047,SP
80,2013-06-14,SUDESTE/CENTRO-OESTE,UHE.PH.MS.028761-0.01,153,154,PARANA,SAO DOMINGOS,FIO DAGUA,SAO DOMINGOS,PARANA,VERDE,345.0,344.0,131.43,112.31,19.12,0.008947,0.3071,m,0.48,-20.08361111,-53.17472222,sin,19157,MS
81,2009-10-24,SUDESTE/CENTRO-OESTE,UHE.PH.GO.028352-5.01,203,23,PARANA,CORUMBA-3,RESERVATORIO COM USINA,CORUMBA III,PARANAIBA,CORUMBA,772.0,768.0,972.0,709.0,259.7,0.008795,0.3471,m,0.84,-16.78611111,-47.94194444,sin,19023,GO
82,2010-07-06,SUDESTE/CENTRO-OESTE,UHE.PH.GO.028760-1.01,241,241,PARANA,S.R.VERDINHO,FIO DAGUA,SALTO DO RIO VERDINHO,PARANAIBA,VERDE,370.5,369.5,394.34,352.48,41.86,0.008752,0.3742,m,0.58,-19.14555556,-50.76722222,sin,19032,GO
83,2010-05-25,SUDESTE/CENTRO-OESTE,UHE.PH.GO.028758-0.01,262,294,PARANA,SALTO,FIO DAGUA,SALTO,PARANAIBA,VERDE,446.5,445.5,826.06,767.66,58.4,0.008879,0.4502,m,0.68,-18.8075,-51.17111111,sin,19031,GO
84,2010-07-24,SUDESTE/CENTRO-OESTE,UHE.PH.GO.028756-3.01,311,247,PARANA,CACU,RESERVATORIO COM USINA,CACU,PARANAIBA,CLARO,477.0,475.0,227.45,195.76,31.69,0.008951,0.2442,m,0.21,-18.53222222,-51.14944444,sin,19028,GO
85,2010-06-19,SUDESTE/CENTRO-OESTE,UHE.PH.GO.028757-1.01,312,248,PARANA,B.COQUEIROS,FIO DAGUA,BARRA DOS COQUEIROS,PARANAIBA,CLARO,448.0,446.0,347.8,300.0,48.47,0.008934,0.3214,m,0.41,-18.72111111,-51.00444444,sin,19029,GO
86,2010-08-05,SUDESTE/CENTRO-OESTE,UHE.PH.GO.029455-1.01,315,261,PARANA,FOZ DO RIO CLARO,FIO DAGUA,ENGENHEIRO JOSE LUIZ MULLER DE GODOY PEREIRA,PARANAIBA,CLARO,354.0,352.0,99.13,83.81,15.32,0.008978,0.2395,m,0.07,-19.11916667,-50.64305556,sin,19030,GO
87,2011-08-09,SUDESTE/CENTRO-OESTE,UHE.PH.MT.029597-3.01,31,291,MADEIRA,DARDANELOS,FIO DAGUA,DARDANELOS,AMAZONAS,ARIPUANA,214.0,213.5,0.91,0.87,0.04,0.008917,0.8689,m,1.5,-10.16305556,-59.46361111,sin,19145,MT
88,2003-04-08,SUDESTE/CENTRO-OESTE,UHE.PH.MT.001066-9.01,196,296,MADEIRA,GUAPORE,FIO DAGUA,GUAPORE,AMAZONAS,GUAPORE,479.2,478.7,21.0,21.0,2.05,0.008922,1.5452,m,1.73,-15.12166667,-58.96416667,sin,19136,MT
89,2011-03-31,SUDESTE/CENTRO-OESTE,UHE.PH.RO.027448-8.01,276,145,MADEIRA,RONDON II,RESERVATORIO COM USINA,RONDON II,AMAZONAS,JI-PARANA,268.0,264.0,478.29,192.17,286.12,0.008721,0.5244,m,1.76,-11.99722222,-60.69722222,sin,19138,RO
90,1990-12-31,SUDESTE/CENTRO-OESTE,UHE.PH.RO.002687-5.01,279,279,MADEIRA,SAMUEL,RESERVATORIO COM USINA,SAMUEL,AMAZONAS,JAMARI,87.4,80.0,3493.44,943.23,2550.2,0.008932,0.2762,m,0.24,-8.751944444,-63.45416667,sin,19137,RO
91,2013-09-06,SUDESTE/CENTRO-OESTE,UHE.PH.RO.029736-4.01,285,285,MADEIRA,JIRAU,FIO DAGUA,JIRAU,AMAZONAS,MADEIRA,90.0,82.39,2746.73,1235.59,1511.14,0.009065,0.155,m,0.16,-9.268333333,-64.64861111,sin,19148,RO
92,2012-03-30,SUDESTE/CENTRO-OESTE,UHE.PH.RO.029707-0.01,287,287,MADEIRA,SANTO ANTONIO,FIO DAGUA,SANTO ANTONIO,AMAZONAS,MADEIRA,71.3,70.5,2282.8,2077.3,489.87,0.008819,0.1589,m,0.14,-8.801111111,-63.94972222,sin,19135,RO
93,1972-01-02,SUDESTE/CENTRO-OESTE,UHE.PH.SP.027131-4.01,12,12,SUDESTE,JAGUARI,RESERVATORIO COM USINA,JAGUARI,PARAIBA DO SUL,JAGUARI,623.0,603.2,1236.0,443.0,792.48,0.008536,0.5163,m,0.42,-23.1925,-46.02138889,sin,19092,SP
94,1924-03-01,SUDESTE/CENTRO-OESTE,UHE.PH.RJ.001113-4.01,13,13,SUDESTE,ILHA POMBOS,FIO DAGUA,ILHA DOS POMBOS,PARAIBA DO SUL,PARAIBA SUL,140.0,137.4,8.0,8.0,6.75,0.008484,0.2702,m,0.3,-21.84472222,-42.57916667,sin,19097,MG
95,1924-03-01,SUDESTE/CENTRO-OESTE,UHE.PH.RJ.001113-4.01,13,13,SUDESTE,ILHA POMBOS,FIO DAGUA,ILHA DOS POMBOS,PARAIBA DO SUL,PARAIBA SUL,140.0,137.4,8.0,8.0,6.75,0.008484,0.2702,m,0.3,-21.84472222,-42.57916667,sin,19097,RJ
96,1956-01-01,SUDESTE/CENTRO-OESTE,UHE.PH.SP.001084-7.01,119,318,SUDESTE,HENRY BORDEN,FIO DAGUA,HENRY BORDEN SUBTERRANEA,TIETE,CUBATAO,728.75,728.75,1.0,1.0,1.0,0.007939,5.6808,m,10.67,-23.87444444,-46.4525,sin,19035,SP
97,1926-04-01,SUDESTE/CENTRO-OESTE,UHE.PH.SP.001084-7.01,119,318,SUDESTE,HENRY BORDEN,FIO DAGUA,HENRY BORDEN EXTERNA,TIETE,CUBATAO,728.75,728.75,1.0,1.0,1.0,0.007939,5.6808,m,10.67,-23.87444444,-46.4525,sin,19035,SP
98,1978-01-02,SUDESTE/CENTRO-OESTE,UHE.PH.SP.027122-5.01,121,121,SUDESTE,PARAIBUNA,RESERVATORIO COM USINA,PARAIBUNA,PARAIBA DO SUL,PARAIBA SUL,714.0,694.6,4732.0,2096.0,2636.15,0.008702,0.7007,m,2.14,-23.41,-45.60055556,sin,19090,SP
99,1999-06-06,SUDESTE/CENTRO-OESTE,UHE.PH.SP.002696-4.01,122,122,SUDESTE,SANTA BRANCA,RESERVATORIO COM USINA,SANTA BRANCA,PARAIBA DO SUL,PARAIBA SUL,622.0,605.0,439.0,131.0,307.27,0.00896,0.3679,m,0.61,-23.37416667,-45.87,sin,19091,SP
100,1969-04-01,SUDESTE/CENTRO-OESTE,UHE.PH.RJ.027118-7.01,123,123,SUDESTE,FUNIL,RESERVATORIO COM USINA,FUNIL,PARAIBA DO SUL,PARAIBA SUL,466.5,444.0,888.0,283.0,605.7,0.008616,0.5575,m,1.04,-22.52861111,-44.56694444,nordeste_semiarido,12192,BA
101,1969-04-01,SUDESTE/CENTRO-OESTE,UHE.PH.RJ.027118-7.01,123,123,SUDESTE,FUNIL,RESERVATORIO COM USINA,FUNIL,PARAIBA DO SUL,PARAIBA SUL,466.5,444.0,888.0,283.0,605.7,0.008616,0.5575,m,1.04,-22.52861111,-44.56694444,sin,19093,RJ
102,2000-06-02,SUDESTE/CENTRO-OESTE,UHE.PH.RJ.027217-5.01,125,125,SUDESTE,SANTA CECILIA,RESERVATORIO COM USINA DE BOMBEAMENTO,SANTA CECILIA,PARAIBA DO SUL,PARAIBA SUL,352.95,352.95,6.0,6.0,4.35,0.0,0.0,m,0.0,-22.48222222,-43.83888889,sin,19094,RJ
103,2006-07-01,SUDESTE/CENTRO-OESTE,UHE.PH.MG.002053-2.01,126,197,SUDESTE,PICADA,FIO DAGUA,PICADA,PARAIBA DO SUL,RIO DO PEIXE,659.2,658.7,7.0,6.0,0.55,0.008895,1.1546,m,3.03,-21.88416667,-43.54055556,sin,19095,MG
104,1998-09-15,SUDESTE/CENTRO-OESTE,UHE.PH.MG.002757-0.01,127,198,SUDESTE,SOBRAGI,FIO DAGUA,SOBRAGI,PARAIBA DO SUL,PARAIBUNA,437.3,436.4,0.09,0.06,0.03,0.008933,0.7164,m,1.57,-21.98166667,-43.35055556,sin,19096,MG
105,2013-06-05,SUDESTE/CENTRO-OESTE,UHE.PH.MG.029458-6.01,129,126,SUDESTE,SIMPLICIO,FIO DAGUA,SIMPLICIO,PARAIBA DO SUL,PARAIBA SUL,251.5,246.0,14.62,10.58,4.04,0.008865,0.9762,m,1.1,-21.92138889,-42.78972222,sin,19150,MG
106,1940-01-01,SUDESTE/CENTRO-OESTE,UHE.PH.RJ.000973-3.01,132,303,SUDESTE,FONTES,FIO DAGUA,FONTES NOVA,PARAIBA DO SUL,RIBEIRAO LAJE,415.0,415.0,445.35,445.35,1.0,0.008767,2.7014,m,15.19,-22.69111111,-43.86277778,sin,19102,RJ
107,1962-04-01,SUDESTE/CENTRO-OESTE,UHE.PH.RJ.002043-5.01,133,306,SUDESTE,PEREIRA PASSOS,FIO DAGUA,PEREIRA PASSOS,PARAIBA DO SUL,RIBEIRAO LAJE,86.5,82.5,17.0,17.0,4.07,0.008602,0.3233,m,0.43,-22.68666667,-43.82527778,sin,19104,RJ
108,1956-02-28,SUDESTE/CENTRO-OESTE,UHE.PH.MG.027210-8.01,134,134,SUDESTE,SALTO GRANDE CM,FIO DAGUA,SALTO GRANDE,DOCE,SANTO ANTONIO,356.0,346.0,78.0,78.0,47.0,0.008646,0.802,m,4.99,-19.11555556,-42.72,sin,19107,MG
109,2001-09-04,SUDESTE/CENTRO-OESTE,UHE.PH.MG.027196-9.01,135,263,SUDESTE,PORTO ESTRELA,RESERVATORIO COM USINA,PORTO ESTRELA,DOCE,DOCE,255.0,246.0,89.0,56.0,33.12,0.008977,0.4155,m,0.41,-19.11472222,-42.66305556,sin,19108,MG
110,2023-04-28,SUDESTE/CENTRO-OESTE,UHE.PH.MG.000641-6.01,139,149,SUDESTE,CANDONGA,FIO DAGUA,RISOLETA NEVES (ANTIGA CANDONGA),DOCE,DOCE,327.5,326.5,29.75,27.12,2.63,0.009074,0.4503,m,0.4,-20.20694444,-42.85527778,sin,19109,MG
111,2009-09-09,SUDESTE/CENTRO-OESTE,UHE.PH.MG.029453-5.01,141,141,SUDESTE,BAGUARI,FIO DAGUA,BAGUARI,DOCE,DOCE,185.0,184.5,38.07,31.42,6.5,0.008978,0.1698,m,0.2,-19.02916667,-42.12972222,sin,19110,MG
112,2005-07-30,SUDESTE/CENTRO-OESTE,UHE.PH.MG.000042-6.01,143,148,SUDESTE,AIMORES,FIO DAGUA,AIMORES,DOCE,DOCE,90.0,89.6,185.52,156.55,12.14,0.008926,0.2558,m,0.32,-19.45333333,-41.09666667,sin,19111,MG
113,1973-09-21,SUDESTE/CENTRO-OESTE,UHE.PH.ES.001432-0.01,144,144,SUDESTE,MASCARENHAS,FIO DAGUA,MASCARENHAS,DOCE,DOCE,60.75,59.5,21.85,17.81,4.04,0.008953,0.1989,m,0.17,-19.5,-40.92,sin,19112,ES
114,2006-07-20,SUDESTE/CENTRO-OESTE,UHE.PH.MG.001146-0.01,148,255,SUDESTE,IRAPE,RESERVATORIO COM USINA,IRAPE,JEQUITINHONHA,JEQUITINHONHA,510.0,470.8,5963.92,2267.94,3699.86,0.008719,1.4533,m,2.0,-16.73583333,-42.57555556,sin,19115,MG
115,2010-03-03,SUDESTE/CENTRO-OESTE,UHE.PH.MG.029457-8.01,155,155,SUDESTE,RETIRO BAIXO,RESERVATORIO COM USINA,RETIRO BAIXO,SAO FRANCISCO,PARAOPEBA,616.0,614.0,241.59,200.72,41.61,0.00896,0.3346,m,0.55,-18.89444444,-44.78166667,sin,19118,MG
116,2004-04-09,SUDESTE/CENTRO-OESTE,UHE.PH.MG.002176-8.01,162,158,SUDESTE,QUEIMADO,RESERVATORIO COM USINA,QUEIMADO,SAO FRANCISCO,RIO PRETO,829.0,811.0,557.0,95.25,389.46,0.008911,1.6404,m,2.47,-16.21138889,-47.32527778,sin,19120,GO
117,2004-04-09,SUDESTE/CENTRO-OESTE,UHE.PH.MG.002176-8.01,162,158,SUDESTE,QUEIMADO,RESERVATORIO COM USINA,QUEIMADO,SAO FRANCISCO,RIO PRETO,829.0,811.0,557.0,95.25,389.46,0.008911,1.6404,m,2.47,-16.21138889,-47.32527778,sin,19120,MG
118,1997-11-02,SUDESTE/CENTRO-OESTE,UHE.PH.MG.001079-0.01,192,262,SUDESTE,GUILM. AMORIM,FIO DAGUA,GUILMAN AMORIM,DOCE,PIRACICABA,495.0,492.0,12.0,12.0,2.73,0.008778,1.0066,m,3.15,-19.7075,-42.96111111,sin,19105,MG
119,2001-04-01,SUDESTE/CENTRO-OESTE,UHE.PH.MG.002563-1.01,193,184,SUDESTE,SA CARVALHO,FIO DAGUA,SA CARVALHO,DOCE,PIRACICABA,372.93,371.43,1.0,1.0,0.96,0.008649,0.9364,m,7.82,-19.64583333,-42.85,sin,19106,MG
120,2003-06-06,SUDESTE/CENTRO-OESTE,UHE.PH.MT.001245-9.01,195,295,SUDESTE,JAURU,FIO DAGUA,JAURU,PARAGUAI,JAURU,355.0,354.53,17.15,16.25,0.9,0.008912,0.9297,m,1.48,-15.24083333,-58.73111111,sin,19089,MT
121,2000-01-17,SUDESTE/CENTRO-OESTE,UHE.PH.ES.002553-4.01,217,196,SUDESTE,ROSAL,FIO DAGUA,ROSAL,ITABAPOANA,ITABAPOANA,555.0,550.0,11.0,11.0,7.0,0.008881,1.6903,m,3.89,-20.91666667,-41.72166667,sin,19113,RJ
122,2000-01-17,SUDESTE/CENTRO-OESTE,UHE.PH.ES.002553-4.01,217,196,SUDESTE,ROSAL,FIO DAGUA,ROSAL,ITABAPOANA,ITABAPOANA,555.0,550.0,11.0,11.0,7.0,0.008881,1.6903,m,3.89,-20.91666667,-41.72166667,sin,19113,ES
123,1998-04-17,SUDESTE/CENTRO-OESTE,UHE.PH.GO.002731-6.01,251,27,SUDESTE,SERRA DA MESA,RESERVATORIO COM USINA,SERRA DA MESA,TOCANTINS,TOCANTINS,460.0,417.3,54400.0,11150.0,43250.0,0.009093,1.0404,m,1.25,-13.83416667,-48.30583333,sin,19128,GO
124,2002-05-22,SUDESTE/CENTRO-OESTE,UHE.PH.GO.000630-0.01,252,191,SUDESTE,CANA BRAVA,FIO DAGUA,CANA BRAVA,TOCANTINS,TOCANTINS,333.0,330.0,2300.0,2300.0,393.87,0.00887,0.3868,m,1.04,-13.40416667,-48.1425,sin,19129,GO
125,2009-08-06,SUDESTE/CENTRO-OESTE,UHE.PH.TO.028567-6.01,253,253,SUDESTE,SAO SALVADOR,FIO DAGUA,SAO SALVADOR,TOCANTINS,TOCANTINS,287.0,286.5,952.0,952.0,59.14,0.009024,0.2149,m,0.58,-12.83472222,-48.22472222,sin,19130,TO
126,2006-06-27,SUDESTE/CENTRO-OESTE,UHE.PH.TO.028353-3.01,257,257,SUDESTE,PEIXE ANGICAL,RESERVATORIO COM USINA,PEIXE ANGICAL,TOCANTINS,TOCANTINS,263.0,261.0,2741.0,2212.7,526.82,0.009041,0.2408,m,0.43,-12.2375,-48.38305556,sin,19131,TO
127,2001-12-01,SUDESTE/CENTRO-OESTE,UHE.PH.TO.001304-8.01,261,273,SUDESTE,LAJEADO,FIO DAGUA,LUIS EDUARDO MAGALHAES (LAJEADO),TOCANTINS,TOCANTINS,212.3,211.5,4940.0,4940.0,482.37,0.00904,0.3315,m,0.43,-9.756388889,-48.37416667,sin,19132,TO
128,2001-02-02,SUDESTE/CENTRO-OESTE,UHE.PH.MT.001401-0.01,278,278,SUDESTE,MANSO,RESERVATORIO COM USINA,MANSO,PARAGUAI,MANSO,287.0,278.0,7337.0,4386.0,2951.0,0.008598,0.508,m,0.49,-14.87138889,-55.78361111,sin,19086,MT
129,2005-07-19,SUDESTE/CENTRO-OESTE,UHE.PH.MT.002103-2.01,281,281,SUDESTE,PONTE DE PEDRA,FIO DAGUA,PONTE DE PEDRA,PARAGUAI,CORRENTES,396.0,393.0,199.0,199.0,38.49,0.009168,2.2106,m,2.52,-17.58638889,-54.90722222,sin,19088,MT
130,2005-07-19,SUDESTE/CENTRO-OESTE,UHE.PH.MT.002103-2.01,281,281,SUDESTE,PONTE DE PEDRA,FIO DAGUA,PONTE DE PEDRA,PARAGUAI,CORRENTES,396.0,393.0,199.0,199.0,38.49,0.009168,2.2106,m,2.52,-17.58638889,-54.90722222,sin,19088,MS
131,2002-02-20,SUDESTE/CENTRO-OESTE,UHE.PH.MG.002699-9.01,283,283,SUDESTE,STA.CLARA-MG,FIO DAGUA,SANTA CLARA,MUCURI,MUCURI,86.0,81.0,150.44,115.99,34.45,0.008712,0.4495,m,0.6,-17.89583333,-40.20333333,sin,19114,MG
132,2002-10-24,SUDESTE/CENTRO-OESTE,UHE.PH.MT.027244-2.01,304,259,SUDESTE,ITIQUIRA I,FIO DAGUA,ITIQUIRA I,PARAGUAI,ITIQUIRA,412.0,411.2,5.0,5.0,0.66,0.008793,0.7685,m,4.28,-17.08361111,-54.87555556,sin,19087,MT
133,2002-12-22,SUDESTE/CENTRO-OESTE,UHE.PH.MT.027244-2.01,305,252,SUDESTE,ITIQUIRA II,FIO DAGUA,ITIQUIRA II,PARAGUAI,ITIQUIRA,320.0,320.0,1.0,1.0,1.0,0.008968,1.2239,m,2.62,-17.08166667,-54.9025,sin,19155,MT
134,2003-02-05,NORDESTE,UHE.PH.BA.001175-4.01,154,188,NORDESTE,ITAPEBI,FIO DAGUA,ITAPEBI,JEQUITINHONHA,JEQUITINHONHA,110.0,109.0,1633.56,1565.27,68.29,0.008842,0.715,m,0.88,-15.96972222,-39.59333333,sin,19116,BA
135,1979-04-30,NORDESTE,UHE.PH.BA.002755-3.01,169,169,NORDESTE,SOBRADINHO,RESERVATORIO COM USINA,SOBRADINHO,SAO FRANCISCO,SAO FRANCISCO,392.5,380.5,34116.0,5447.0,28669.0,0.008881,0.2449,m,0.17,-9.429722222,-40.83,sin,19121,BA
136,1977-02-28,NORDESTE,UHE.PH.AL.001510-5.01,173,173,NORDESTE,MOXOTO,FIO DAGUA,APOLONIO SALES (ANTIGA MOXOTO),SAO FRANCISCO,SAO FRANCISCO,252.0,250.0,1226.0,1226.0,209.0,0.008973,0.0974,m,0.22,-9.356111111,-38.21027778,sin,19123,AL
137,1977-02-28,NORDESTE,UHE.PH.AL.001510-5.01,173,173,NORDESTE,MOXOTO,FIO DAGUA,APOLONIO SALES (ANTIGA MOXOTO),SAO FRANCISCO,SAO FRANCISCO,252.0,250.0,1226.0,1226.0,209.0,0.008973,0.0974,m,0.22,-9.356111111,-38.21027778,sin,19123,BA
138,1955-01-31,NORDESTE,UHE.PH.BA.002012-5.01,174,174,NORDESTE,"P. AFONSO 1,2,3",FIO DAGUA,PAULO AFONSO I,SAO FRANCISCO,SAO FRANCISCO,230.3,228.3,26.0,26.0,9.8,0.008792,0.38,%,1.08,-9.395833333,-38.20361111,sin,19124,BA
139,1955-01-31,NORDESTE,UHE.PH.BA.002012-5.01,174,174,NORDESTE,"P. AFONSO 1,2,3",FIO DAGUA,PAULO AFONSO I,SAO FRANCISCO,SAO FRANCISCO,230.3,228.3,26.0,26.0,9.8,0.008792,0.38,%,1.08,-9.395833333,-38.20361111,sin,19124,AL
140,1971-04-30,NORDESTE,UHE.PH.BA.027049-0.01,174,174,NORDESTE,"P. AFONSO 1,2,3",FIO DAGUA,PAULO AFONSO III,SAO FRANCISCO,SAO FRANCISCO,230.3,228.3,26.0,26.0,9.8,0.008792,0.38,%,1.08,-9.395833333,-38.20361111,sin,19124,BA
141,1971-04-30,NORDESTE,UHE.PH.BA.027049-0.01,174,174,NORDESTE,"P. AFONSO 1,2,3",FIO DAGUA,PAULO AFONSO III,SAO FRANCISCO,SAO FRANCISCO,230.3,228.3,26.0,26.0,9.8,0.008792,0.38,%,1.08,-9.395833333,-38.20361111,sin,19124,AL
142,1961-04-30,NORDESTE,UHE.PH.BA.027048-2.01,174,174,NORDESTE,"P. AFONSO 1,2,3",FIO DAGUA,PAULO AFONSO II,SAO FRANCISCO,SAO FRANCISCO,230.3,228.3,26.0,26.0,9.8,0.008792,0.38,%,1.08,-9.395833333,-38.20361111,sin,19124,BA
143,1961-04-30,NORDESTE,UHE.PH.BA.027048-2.01,174,174,NORDESTE,"P. AFONSO 1,2,3",FIO DAGUA,PAULO AFONSO II,SAO FRANCISCO,SAO FRANCISCO,230.3,228.3,26.0,26.0,9.8,0.008792,0.38,%,1.08,-9.395833333,-38.20361111,sin,19124,AL
144,1969-04-30,NORDESTE,UHE.PH.BA.027050-4.01,175,175,NORDESTE,P. AFONSO 4,FIO DAGUA,PAULO AFONSO IV,SAO FRANCISCO,SAO FRANCISCO,252.0,250.0,1277.0,1068.0,209.0,0.009086,0.5439,m,0.85,-9.415833333,-38.21055556,sin,19125,AL
145,1969-04-30,NORDESTE,UHE.PH.BA.027050-4.01,175,175,NORDESTE,P. AFONSO 4,FIO DAGUA,PAULO AFONSO IV,SAO FRANCISCO,SAO FRANCISCO,252.0,250.0,1277.0,1068.0,209.0,0.009086,0.5439,m,0.85,-9.415833333,-38.21055556,sin,19125,BA
146,1994-04-30,NORDESTE,UHE.PH.SE.027053-9.01,178,178,NORDESTE,XINGO,FIO DAGUA,XINGO,SAO FRANCISCO,SAO FRANCISCO,138.0,137.2,3800.0,3800.0,41.0,0.009014,1.0781,m,0.84,-9.617777778,-37.79694444,sin,19126,AL
147,1994-04-30,NORDESTE,UHE.PH.SE.027053-9.01,178,178,NORDESTE,XINGO,FIO DAGUA,XINGO,SAO FRANCISCO,SAO FRANCISCO,138.0,137.2,3800.0,3800.0,41.0,0.009014,1.0781,m,0.84,-9.617777778,-37.79694444,sin,19126,SE
148,2004-12-16,NORDESTE,UHE.PH.BA.028565-0.01,189,254,NORDESTE,PEDRA DO CAVALO,RESERVATORIO COM USINA,PEDRA DO CAVALO,PARAGUACU,PARAGUACU,114.5,106.0,3134.0,2192.0,942.0,0.00892,0.9483,m,1.35,-12.5825,-39.00194444,sin,19117,BA
149,1977-07-27,NORTE,UHE.PH.PA.027130-6.01,272,277,BELO MONTE,CURUA-UNA,RESERVATORIO COM USINA,CURUA-UNA,AMAZONAS,CURUA-UNA,32.22,25.22,602.0,133.0,469.0,0.008715,0.1679,m,0.13,-2.816111111,-54.30055556,sin,19139,PA
150,2016-04-20,NORTE,UHE.PH.PA.030354-2.01,288,292,BELO MONTE,BELO MONTE,FIO DAGUA,BELO MONTE,AMAZONAS,XINGU,97.0,96.7,2276.29,2169.66,106.63,0.009119,0.8185,m,1.61,-3.126388889,-51.775,sin,19152,PA
151,2016-04-28,NORTE,UHE.PH.PA.030354-2.01,314,288,BELO MONTE,PIMENTAL,FIO DAGUA,PIMENTAL,AMAZONAS,XINGU,97.0,96.7,2276.29,2169.66,106.63,0.008861,0.114,m,0.13,-3.4375,-51.94722222,sin,19156,PA
152,2017-12-28,SUDESTE/CENTRO-OESTE,UHE.PH.PA.031444-7.01,23,23,TELES PIRES,SAO MANOEL,FIO DAGUA,SAO MANOEL,AMAZONAS,TELES PIRES,161.0,160.0,570.08,490.27,59.81,0.009153,0.2267,m,0.27,-9.189444444,-57.05277778,sin,19158,MT
153,2019-09-17,SUDESTE/CENTRO-OESTE,UHE.PH.MT.031428-5.01,227,227,TELES PIRES,SINOP,RESERVATORIO COM USINA,SINOP,AMAZONAS,TELES PIRES,302.0,292.0,3071.18,1045.21,2025.97,0.009103,0.2431,m,0.31,-11.26294444,-55.45180556,sin,19162,MT
154,2019-03-09,SUDESTE/CENTRO-OESTE,UHE.PH.MT.030422-0.01,228,228,TELES PIRES,COLIDER,FIO DAGUA,COLIDER,AMAZONAS,TELES PIRES,272.0,271.4,1524.5,1427.48,97.02,0.009153,0.2078,m,0.35,-10.97555556,-55.76333333,sin,19154,MT
155,2015-11-07,SUDESTE/CENTRO-OESTE,UHE.PH.PA.030557-0.01,229,229,TELES PIRES,TELES PIRES,FIO DAGUA,TELES PIRES,AMAZONAS,TELES PIRES,220.44,219.94,961.11,890.33,70.78,0.009035,0.5054,m,0.86,-9.351111111,-56.7775,sin,19160,MT
156,1990-12-31,NORTE,UHE.PH.AP.000783-8.01,28,28,MANAUS-AMAPA,COARACY NUNES,FIO DAGUA,COARACY NUNES,ARAGUARI,ARAGUARI-AP,42.14,35.14,138.5,25.0,113.5,0.008918,0.1795,m,0.32,0.915277778,-51.25944444,sin,19144,AP
157,2016-05-05,NORTE,UHE.PH.AP.031186-3.01,204,204,MANAUS-AMAPA,CACHOEIRA CALDEIRAO,FIO DAGUA,CACHOEIRA CALDEIRAO,ARAGUARI,ARAGUARI-AP,58.3,58.3,231.21,231.21,0.0,0.009037,0.1406,m,0.32,0.852777778,-51.29666667,sin,19153,AP
158,1989-02-13,NORTE,UHE.PH.AM.000190-2.01,277,269,MANAUS-AMAPA,BALBINA,RESERVATORIO COM USINA,BALBINA,AMAZONAS,UATUMA,51.0,46.0,20006.22,9711.9,10209.79,0.008978,0.208,m,0.3,-1.913611111,-59.47388889,sin,19141,AM
159,2014-11-04,NORTE,UHE.PH.AP.030385-2.01,284,297,MANAUS-AMAPA,FERREIRA GOMES,FIO DAGUA,FERREIRA GOMES,ARAGUARI,ARAGUARI-AP,21.3,20.3,137.13,120.4,16.73,0.008937,0.1499,m,0.2,0.855666667,-51.19683333,sin,19146,AP
160,2014-09-17,NORTE,UHE.PH.AP.026792-9.01,286,29,MANAUS-AMAPA,STO ANTONIO DO JARI,FIO DAGUA,SANTO ANTONIO DO JARI,AMAZONAS,JARI,30.0,29.1,133.39,107.32,26.07,0.00898,0.2315,m,0.29,-0.8675,-52.40555556,sin,19151,AP
161,2014-09-17,NORTE,UHE.PH.AP.026792-9.01,286,29,MANAUS-AMAPA,STO ANTONIO DO JARI,FIO DAGUA,SANTO ANTONIO DO JARI,AMAZONAS,JARI,30.0,29.1,133.39,107.32,26.07,0.00898,0.2315,m,0.29,-0.8675,-52.40555556,sin,19151,PA
162,1958-05-31,SUDESTE/CENTRO-OESTE,UHE.PH.SP.002648-4.01,5,5,PARANAPANEMA,SALTO GRANDE CS,FIO DAGUA,SALTO GRANDE (LUCAS NOGUEIRA GARCEZ),PARANAPANEMA,PARANAPANEMA,384.67,381.17,45.0,45.0,29.33,0.008581,0.1483,m,0.23,-22.90194444,-49.99888889,sin,19052,SP
163,1958-05-31,SUDESTE/CENTRO-OESTE,UHE.PH.SP.002648-4.01,5,5,PARANAPANEMA,SALTO GRANDE CS,FIO DAGUA,SALTO GRANDE (LUCAS NOGUEIRA GARCEZ),PARANAPANEMA,PARANAPANEMA,384.67,381.17,45.0,45.0,29.33,0.008581,0.1483,m,0.23,-22.90194444,-49.99888889,sin,19052,PR
164,1962-09-21,SUDESTE/CENTRO-OESTE,UHE.PH.SP.001285-8.01,47,47,PARANAPANEMA,JURUMIRIM,RESERVATORIO COM USINA,JURUMIRIM (ARMANDO AVELLANAL LAYDNER),PARANAPANEMA,PARANAPANEMA,568.0,559.7,7008.0,3843.0,3164.93,0.008875,0.2907,m,0.41,-23.21083333,-49.22916667,sin,19048,SP
165,2002-09-12,SUDESTE/CENTRO-OESTE,UHE.PH.SP.002077-0.01,48,48,PARANAPANEMA,PIRAJU,FIO DAGUA,PIRAJU,PARANAPANEMA,PARANAPANEMA,531.5,531.3,84.0,84.0,3.28,0.009024,0.2306,m,0.3,-23.15333333,-49.38083333,sin,19049,SP
166,1970-02-06,SUDESTE/CENTRO-OESTE,UHE.PH.SP.000764-1.01,49,49,PARANAPANEMA,CHAVANTES,RESERVATORIO COM USINA,CHAVANTES,PARANAPANEMA,PARANAPANEMA,474.0,465.23,8795.0,5754.0,3041.12,0.008791,0.6177,m,2.19,-23.13055556,-49.73333333,sin,19050,SP
167,1970-02-06,SUDESTE/CENTRO-OESTE,UHE.PH.SP.000764-1.01,49,49,PARANAPANEMA,CHAVANTES,RESERVATORIO COM USINA,CHAVANTES,PARANAPANEMA,PARANAPANEMA,474.0,465.23,8795.0,5754.0,3041.12,0.008791,0.6177,m,2.19,-23.13055556,-49.73333333,sin,19050,PR
168,1999-05-15,SUDESTE/CENTRO-OESTE,UHE.PH.SP.027092-0.01,51,51,PARANAPANEMA,CANOAS II,FIO DAGUA,CANOAS II,PARANAPANEMA,PARANAPANEMA,366.0,365.0,151.0,151.0,22.75,0.009089,0.1288,m,0.21,-22.93777778,-50.24888889,sin,19053,SP
169,1999-05-15,SUDESTE/CENTRO-OESTE,UHE.PH.SP.027092-0.01,51,51,PARANAPANEMA,CANOAS II,FIO DAGUA,CANOAS II,PARANAPANEMA,PARANAPANEMA,366.0,365.0,151.0,151.0,22.75,0.009089,0.1288,m,0.21,-22.93777778,-50.24888889,sin,19053,PR
170,1999-05-09,SUDESTE/CENTRO-OESTE,UHE.PH.SP.000647-5.01,52,52,PARANAPANEMA,CANOAS I,FIO DAGUA,CANOAS I,PARANAPANEMA,PARANAPANEMA,351.0,350.0,212.0,212.0,27.7,0.009124,0.1489,m,0.22,-22.94222222,-50.51638889,sin,19054,SP
171,1999-05-09,SUDESTE/CENTRO-OESTE,UHE.PH.SP.000647-5.01,52,52,PARANAPANEMA,CANOAS I,FIO DAGUA,CANOAS I,PARANAPANEMA,PARANAPANEMA,351.0,350.0,212.0,212.0,27.7,0.009124,0.1489,m,0.22,-22.94222222,-50.51638889,sin,19054,PR
172,1977-03-10,SUDESTE/CENTRO-OESTE,UHE.PH.SP.000657-2.01,61,61,PARANAPANEMA,CAPIVARA,RESERVATORIO COM USINA,CAPIVARA (ESCOLA DE ENGENHARIA MACKENZIE),PARANAPANEMA,PARANAPANEMA,334.0,321.0,10540.0,4816.0,5724.93,0.008554,0.3744,m,1.51,-22.66111111,-51.35388889,nordeste_semiarido,12100,PB
173,1977-03-10,SUDESTE/CENTRO-OESTE,UHE.PH.SP.000657-2.01,61,61,PARANAPANEMA,CAPIVARA,RESERVATORIO COM USINA,CAPIVARA (ESCOLA DE ENGENHARIA MACKENZIE),PARANAPANEMA,PARANAPANEMA,334.0,321.0,10540.0,4816.0,5724.93,0.008554,0.3744,m,1.51,-22.66111111,-51.35388889,sin,19055,SP
174,1977-03-10,SUDESTE/CENTRO-OESTE,UHE.PH.SP.000657-2.01,61,61,PARANAPANEMA,CAPIVARA,RESERVATORIO COM USINA,CAPIVARA (ESCOLA DE ENGENHARIA MACKENZIE),PARANAPANEMA,PARANAPANEMA,334.0,321.0,10540.0,4816.0,5724.93,0.008554,0.3744,m,1.51,-22.66111111,-51.35388889,sin,19055,PR
175,1987-06-11,SUDESTE/CENTRO-OESTE,UHE.PH.SP.002555-0.01,63,63,PARANAPANEMA,ROSANA,FIO DAGUA,ROSANA,PARANAPANEMA,PARANAPANEMA,258.0,256.0,1918.0,1918.0,407.56,0.009101,0.1841,m,0.24,-22.60222222,-52.86861111,sin,19057,SP
176,1987-06-11,SUDESTE/CENTRO-OESTE,UHE.PH.SP.002555-0.01,63,63,PARANAPANEMA,ROSANA,FIO DAGUA,ROSANA,PARANAPANEMA,PARANAPANEMA,258.0,256.0,1918.0,1918.0,407.56,0.009101,0.1841,m,0.24,-22.60222222,-52.86861111,sin,19057,PR
177,2005-04-16,SUDESTE/CENTRO-OESTE,UHE.PH.SP.027872-6.01,249,249,PARANAPANEMA,OURINHOS,FIO DAGUA,OURINHOS,PARANAPANEMA,PARANAPANEMA,398.0,397.5,20.82,18.68,2.14,0.008686,0.0962,m,0.09,-23.06777778,-49.8375,sin,19051,SP
178,2005-04-16,SUDESTE/CENTRO-OESTE,UHE.PH.SP.027872-6.01,249,249,PARANAPANEMA,OURINHOS,FIO DAGUA,OURINHOS,PARANAPANEMA,PARANAPANEMA,398.0,397.5,20.82,18.68,2.14,0.008686,0.0962,m,0.09,-23.06777778,-49.8375,sin,19051,PR
